{
    "ID": "",
    "NA": 1.0,
    "nanometerScale": 9.999999717180685e-10,
    "pixelScaling": 9.999999974752427e-07,
    "qualityFactor": 1.0,
    "resAxial[nm]": 200.0,
    "resLateral[nm]": 200.0,
    "sigmaX": 10.0,
    "sigmaY": 10.0,
    "sigmaZ": 10.0,
    "sizeX": 120,
    "sizeY": 120,
    "sizeZ": 60
}
