{
    "ID": "",
    "NA": 1.0,
    "nanometerScale": 9.999999717180685e-10,
    "pixelScaling": 9.999999974752427e-07,
    "qualityFactor": 1.0,
    "resAxial[nm]": 200.0,
    "resLateral[nm]": 200.0,
    "sigmaX": 1.0,
    "sigmaY": 1.0,
    "sigmaZ": 1.0,
    "sizeX": 20,
    "sizeY": 20,
    "sizeZ": 10
}
